시군구,행정구역명,행정동,법정동,행정구역분류,행정기관코드,법정동코드,행정동 영문명칭
종로구,종로구,종로구,종로구,,1111000000,11110000,Seoul
종로구,청운효자동,청운효자동,청운동,1101072,1111051500,11110101,Cheongunhyoja-dong
종로구,청운효자동,청운효자동,신교동,1101072,1111051500,11110102,Cheongunhyoja-dong
종로구,청운효자동,청운효자동,궁정동,1101072,1111051500,11110103,Cheongunhyoja-dong
종로구,청운효자동,청운효자동,효자동,1101072,1111051500,11110104,Cheongunhyoja-dong
종로구,청운효자동,청운효자동,창성동,1101072,1111051500,11110105,Cheongunhyoja-dong
종로구,청운효자동,청운효자동,통인동,1101072,1111051500,11110108,Cheongunhyoja-dong
종로구,청운효자동,청운효자동,누상동,1101072,1111051500,11110109,Cheongunhyoja-dong
종로구,청운효자동,청운효자동,누하동,1101072,1111051500,11110110,Cheongunhyoja-dong
종로구,청운효자동,청운효자동,옥인동,1101072,1111051500,11110111,Cheongunhyoja-dong
종로구,청운효자동,청운효자동,세종로,1101072,1111051500,11110119,Cheongunhyoja-dong
종로구,사직동,사직동,통의동,1101053,1111053000,11110106,Sajik-dong
종로구,사직동,사직동,적선동,1101053,1111053000,11110107,Sajik-dong
종로구,사직동,사직동,체부동,1101053,1111053000,11110112,Sajik-dong
종로구,사직동,사직동,필운동,1101053,1111053000,11110113,Sajik-dong
종로구,사직동,사직동,내자동,1101053,1111053000,11110114,Sajik-dong
종로구,사직동,사직동,사직동,1101053,1111053000,11110115,Sajik-dong
종로구,사직동,사직동,도렴동,1101053,1111053000,11110116,Sajik-dong
종로구,사직동,사직동,당주동,1101053,1111053000,11110117,Sajik-dong
종로구,사직동,사직동,내수동,1101053,1111053000,11110118,Sajik-dong
종로구,사직동,사직동,세종로,1101053,1111053000,11110119,Sajik-dong
종로구,사직동,사직동,신문로1가,1101053,1111053000,11110120,Sajik-dong
종로구,사직동,사직동,신문로2가,1101053,1111053000,11110121,Sajik-dong
종로구,삼청동,삼청동,팔판동,1101054,1111054000,11110139,Samcheong-dong
종로구,삼청동,삼청동,삼청동,1101054,1111054000,11110140,Samcheong-dong
종로구,삼청동,삼청동,안국동,1101054,1111054000,11110141,Samcheong-dong
종로구,삼청동,삼청동,소격동,1101054,1111054000,11110142,Samcheong-dong
종로구,삼청동,삼청동,화동,1101054,1111054000,11110143,Samcheong-dong
종로구,삼청동,삼청동,사간동,1101054,1111054000,11110144,Samcheong-dong
종로구,삼청동,삼청동,송현동,1101054,1111054000,11110145,Samcheong-dong
종로구,부암동,부암동,부암동,1101055,1111055000,11110184,Buam-dong
종로구,부암동,부암동,홍지동,1101055,1111055000,11110185,Buam-dong
종로구,부암동,부암동,신영동,1101055,1111055000,11110186,Buam-dong
종로구,평창동,평창동,구기동,1101056,1111056000,11110182,Pyeongchang-dong
종로구,평창동,평창동,평창동,1101056,1111056000,11110183,Pyeongchang-dong
종로구,무악동,무악동,무악동,1101057,1111057000,11110187,Muak-dong
종로구,교남동,교남동,교남동,1101058,1111058000,11110176,Gyonam-dong
종로구,교남동,교남동,평동,1101058,1111058000,11110177,Gyonam-dong
종로구,교남동,교남동,송월동,1101058,1111058000,11110178,Gyonam-dong
종로구,교남동,교남동,홍파동,1101058,1111058000,11110179,Gyonam-dong
종로구,교남동,교남동,교북동,1101058,1111058000,11110180,Gyonam-dong
종로구,교남동,교남동,행촌동,1101058,1111058000,11110181,Gyonam-dong
종로구,가회동,가회동,가회동,1101060,1111060000,11110146,Gahoe-dong
종로구,가회동,가회동,재동,1101060,1111060000,11110147,Gahoe-dong
종로구,가회동,가회동,계동,1101060,1111060000,11110148,Gahoe-dong
종로구,가회동,가회동,원서동,1101060,1111060000,11110149,Gahoe-dong
종로구,종로1·2·3·4가동,종로1·2·3·4가동,세종로,1101061,1111061500,11110119,Jongno 1·2·3·4(ilisamsa)-ga-dong
종로구,종로1·2·3·4가동,종로1·2·3·4가동,청진동,1101061,1111061500,11110122,Jongno 1·2·3·4(ilisamsa)-ga-dong
종로구,종로1·2·3·4가동,종로1·2·3·4가동,서린동,1101061,1111061500,11110123,Jongno 1·2·3·4(ilisamsa)-ga-dong
종로구,종로1·2·3·4가동,종로1·2·3·4가동,수송동,1101061,1111061500,11110124,Jongno 1·2·3·4(ilisamsa)-ga-dong
종로구,종로1·2·3·4가동,종로1·2·3·4가동,중학동,1101061,1111061500,11110125,Jongno 1·2·3·4(ilisamsa)-ga-dong
종로구,종로1·2·3·4가동,종로1·2·3·4가동,종로1가,1101061,1111061500,11110126,Jongno 1·2·3·4(ilisamsa)-ga-dong
종로구,종로1·2·3·4가동,종로1·2·3·4가동,공평동,1101061,1111061500,11110127,Jongno 1·2·3·4(ilisamsa)-ga-dong
종로구,종로1·2·3·4가동,종로1·2·3·4가동,관훈동,1101061,1111061500,11110128,Jongno 1·2·3·4(ilisamsa)-ga-dong
종로구,종로1·2·3·4가동,종로1·2·3·4가동,견지동,1101061,1111061500,11110129,Jongno 1·2·3·4(ilisamsa)-ga-dong
종로구,종로1·2·3·4가동,종로1·2·3·4가동,와룡동,1101061,1111061500,11110130,Jongno 1·2·3·4(ilisamsa)-ga-dong
종로구,종로1·2·3·4가동,종로1·2·3·4가동,권농동,1101061,1111061500,11110131,Jongno 1·2·3·4(ilisamsa)-ga-dong
종로구,종로1·2·3·4가동,종로1·2·3·4가동,운니동,1101061,1111061500,11110132,Jongno 1·2·3·4(ilisamsa)-ga-dong
종로구,종로1·2·3·4가동,종로1·2·3·4가동,익선동,1101061,1111061500,11110133,Jongno 1·2·3·4(ilisamsa)-ga-dong
종로구,종로1·2·3·4가동,종로1·2·3·4가동,경운동,1101061,1111061500,11110134,Jongno 1·2·3·4(ilisamsa)-ga-dong
종로구,종로1·2·3·4가동,종로1·2·3·4가동,관철동,1101061,1111061500,11110135,Jongno 1·2·3·4(ilisamsa)-ga-dong
종로구,종로1·2·3·4가동,종로1·2·3·4가동,인사동,1101061,1111061500,11110136,Jongno 1·2·3·4(ilisamsa)-ga-dong
종로구,종로1·2·3·4가동,종로1·2·3·4가동,낙원동,1101061,1111061500,11110137,Jongno 1·2·3·4(ilisamsa)-ga-dong
종로구,종로1·2·3·4가동,종로1·2·3·4가동,종로2가,1101061,1111061500,11110138,Jongno 1·2·3·4(ilisamsa)-ga-dong
종로구,종로1·2·3·4가동,종로1·2·3·4가동,훈정동,1101061,1111061500,11110150,Jongno 1·2·3·4(ilisamsa)-ga-dong
종로구,종로1·2·3·4가동,종로1·2·3·4가동,묘동,1101061,1111061500,11110151,Jongno 1·2·3·4(ilisamsa)-ga-dong
종로구,종로1·2·3·4가동,종로1·2·3·4가동,봉익동,1101061,1111061500,11110152,Jongno 1·2·3·4(ilisamsa)-ga-dong
종로구,종로1·2·3·4가동,종로1·2·3·4가동,돈의동,1101061,1111061500,11110153,Jongno 1·2·3·4(ilisamsa)-ga-dong
종로구,종로1·2·3·4가동,종로1·2·3·4가동,장사동,1101061,1111061500,11110154,Jongno 1·2·3·4(ilisamsa)-ga-dong
종로구,종로1·2·3·4가동,종로1·2·3·4가동,관수동,1101061,1111061500,11110155,Jongno 1·2·3·4(ilisamsa)-ga-dong
종로구,종로1·2·3·4가동,종로1·2·3·4가동,종로3가,1101061,1111061500,11110156,Jongno 1·2·3·4(ilisamsa)-ga-dong
종로구,종로1·2·3·4가동,종로1·2·3·4가동,인의동,1101061,1111061500,11110157,Jongno 1·2·3·4(ilisamsa)-ga-dong
종로구,종로1·2·3·4가동,종로1·2·3·4가동,예지동,1101061,1111061500,11110158,Jongno 1·2·3·4(ilisamsa)-ga-dong
종로구,종로1·2·3·4가동,종로1·2·3·4가동,원남동,1101061,1111061500,11110159,Jongno 1·2·3·4(ilisamsa)-ga-dong
종로구,종로1·2·3·4가동,종로1·2·3·4가동,종로4가,1101061,1111061500,11110161,Jongno 1·2·3·4(ilisamsa)-ga-dong
종로구,종로5·6가동,종로5·6가동,연지동,1101063,1111063000,11110160,Jongno 5·6(oryuk)-ga-dong
종로구,종로5·6가동,종로5·6가동,효제동,1101063,1111063000,11110162,Jongno 5·6(oryuk)-ga-dong
종로구,종로5·6가동,종로5·6가동,종로5가,1101063,1111063000,11110163,Jongno 5·6(oryuk)-ga-dong
종로구,종로5·6가동,종로5·6가동,종로6가,1101063,1111063000,11110164,Jongno 5·6(oryuk)-ga-dong
종로구,종로5·6가동,종로5·6가동,충신동,1101063,1111063000,11110167,Jongno 5·6(oryuk)-ga-dong
종로구,이화동,이화동,이화동,1101064,1111064000,11110165,Ihwa-dong
종로구,이화동,이화동,연건동,1101064,1111064000,11110166,Ihwa-dong
종로구,이화동,이화동,동숭동,1101064,1111064000,11110168,Ihwa-dong
종로구,혜화동,혜화동,와룡동,1101073,1111065000,11110130,Hyehwa-dong
종로구,혜화동,혜화동,혜화동,1101073,1111065000,11110169,Hyehwa-dong
종로구,혜화동,혜화동,명륜1가,1101073,1111065000,11110170,Hyehwa-dong
종로구,혜화동,혜화동,명륜2가,1101073,1111065000,11110171,Hyehwa-dong
종로구,혜화동,혜화동,명륜4가,1101073,1111065000,11110172,Hyehwa-dong
종로구,혜화동,혜화동,명륜3가,1101073,1111065000,11110173,Hyehwa-dong
종로구,창신1동,창신제1동,창신동,1101067,1111067000,11110174,Changsin 1(il)-dong
종로구,창신2동,창신제2동,창신동,1101068,1111068000,11110174,Changsin 2(i)-dong
종로구,창신3동,창신제3동,창신동,1101069,1111069000,11110174,Changsin 3(sam)-dong
종로구,숭인1동,숭인제1동,숭인동,1101070,1111070000,11110175,Sungin 1(il)-dong
종로구,숭인2동,숭인제2동,숭인동,1101071,1111071000,11110175,Sungin 2(i)-dong
중구,중구,중구,중구,,1114000000,11140000,Hyehwa-dong
중구,소공동,소공동,소공동,1102052,1114052000,11140111,Sogong-dong
중구,소공동,소공동,북창동,1102052,1114052000,11140113,Sogong-dong
중구,소공동,소공동,태평로2가,1102052,1114052000,11140114,Sogong-dong
중구,소공동,소공동,남대문로2가,1102052,1114052000,11140115,Sogong-dong
중구,소공동,소공동,남대문로3가,1102052,1114052000,11140116,Sogong-dong
중구,소공동,소공동,남대문로4가,1102052,1114052000,11140117,Sogong-dong
중구,소공동,소공동,봉래동1가,1102052,1114052000,11140119,Sogong-dong
중구,소공동,소공동,서소문동,1102052,1114052000,11140166,Sogong-dong
중구,소공동,소공동,정동,1102052,1114052000,11140167,Sogong-dong
중구,소공동,소공동,순화동,1102052,1114052000,11140168,Sogong-dong
중구,소공동,소공동,의주로1가,1102052,1114052000,11140169,Sogong-dong
중구,소공동,소공동,충정로1가,1102052,1114052000,11140170,Sogong-dong
중구,회현동,회현동,남창동,1102054,1114054000,11140112,Hoehyeon-dong
중구,회현동,회현동,남대문로3가,1102054,1114054000,11140116,Hoehyeon-dong
중구,회현동,회현동,남대문로4가,1102054,1114054000,11140117,Hoehyeon-dong
중구,회현동,회현동,남대문로5가,1102054,1114054000,11140118,Hoehyeon-dong
중구,회현동,회현동,봉래동1가,1102054,1114054000,11140119,Hoehyeon-dong
중구,회현동,회현동,봉래동2가,1102054,1114054000,11140120,Hoehyeon-dong
중구,회현동,회현동,회현동1가,1102054,1114054000,11140121,Hoehyeon-dong
중구,회현동,회현동,회현동2가,1102054,1114054000,11140122,Hoehyeon-dong
중구,회현동,회현동,충무로1가,1102054,1114054000,11140124,Hoehyeon-dong
중구,회현동,회현동,순화동,1102054,1114054000,11140168,Hoehyeon-dong
중구,명동,명동,무교동,1102055,1114055000,11140101,Myeong-dong
중구,명동,명동,다동,1102055,1114055000,11140102,Myeong-dong
중구,명동,명동,태평로1가,1102055,1114055000,11140103,Myeong-dong
중구,명동,명동,을지로1가,1102055,1114055000,11140104,Myeong-dong
중구,명동,명동,을지로2가,1102055,1114055000,11140105,Myeong-dong
중구,명동,명동,남대문로1가,1102055,1114055000,11140106,Myeong-dong
중구,명동,명동,삼각동,1102055,1114055000,11140107,Myeong-dong
중구,명동,명동,수하동,1102055,1114055000,11140108,Myeong-dong
중구,명동,명동,장교동,1102055,1114055000,11140109,Myeong-dong
중구,명동,명동,수표동,1102055,1114055000,11140110,Myeong-dong
중구,명동,명동,남대문로2가,1102055,1114055000,11140115,Myeong-dong
중구,명동,명동,회현동1가,1102055,1114055000,11140121,Myeong-dong
중구,명동,명동,회현동2가,1102055,1114055000,11140122,Myeong-dong
중구,명동,명동,회현동3가,1102055,1114055000,11140123,Myeong-dong
중구,명동,명동,충무로1가,1102055,1114055000,11140124,Myeong-dong
중구,명동,명동,충무로2가,1102055,1114055000,11140125,Myeong-dong
중구,명동,명동,명동1가,1102055,1114055000,11140126,Myeong-dong
중구,명동,명동,명동2가,1102055,1114055000,11140127,Myeong-dong
중구,명동,명동,남산동1가,1102055,1114055000,11140128,Myeong-dong
중구,명동,명동,남산동2가,1102055,1114055000,11140129,Myeong-dong
중구,명동,명동,남산동3가,1102055,1114055000,11140130,Myeong-dong
중구,명동,명동,저동1가,1102055,1114055000,11140131,Myeong-dong
중구,명동,명동,예장동,1102055,1114055000,11140142,Myeong-dong
중구,필동,필동,충무로4가,1102057,1114057000,11140132,Pil-dong
중구,필동,필동,충무로5가,1102057,1114057000,11140133,Pil-dong
중구,필동,필동,묵정동,1102057,1114057000,11140136,Pil-dong
중구,필동,필동,필동1가,1102057,1114057000,11140137,Pil-dong
중구,필동,필동,필동2가,1102057,1114057000,11140138,Pil-dong
중구,필동,필동,필동3가,1102057,1114057000,11140139,Pil-dong
중구,필동,필동,남학동,1102057,1114057000,11140140,Pil-dong
중구,필동,필동,주자동,1102057,1114057000,11140141,Pil-dong
중구,필동,필동,예장동,1102057,1114057000,11140142,Pil-dong
중구,필동,필동,장충동2가,1102057,1114057000,11140144,Pil-dong
중구,필동,필동,충무로3가,1102057,1114057000,11140158,Pil-dong
중구,장충동,장충동,묵정동,1102058,1114058000,11140136,Jangchung-dong
중구,장충동,장충동,장충동1가,1102058,1114058000,11140143,Jangchung-dong
중구,장충동,장충동,장충동2가,1102058,1114058000,11140144,Jangchung-dong
중구,광희동,광희동,충무로4가,1102059,1114059000,11140132,Gwanghui-dong 
중구,광희동,광희동,충무로5가,1102059,1114059000,11140133,Gwanghui-dong 
중구,광희동,광희동,인현동2가,1102059,1114059000,11140134,Gwanghui-dong 
중구,광희동,광희동,예관동,1102059,1114059000,11140135,Gwanghui-dong 
중구,광희동,광희동,광희동1가,1102059,1114059000,11140145,Gwanghui-dong 
중구,광희동,광희동,광희동2가,1102059,1114059000,11140146,Gwanghui-dong 
중구,광희동,광희동,쌍림동,1102059,1114059000,11140147,Gwanghui-dong 
중구,광희동,광희동,을지로6가,1102059,1114059000,11140148,Gwanghui-dong 
중구,광희동,광희동,을지로7가,1102059,1114059000,11140149,Gwanghui-dong 
중구,광희동,광희동,오장동,1102059,1114059000,11140154,Gwanghui-dong 
중구,을지로동,을지로동,을지로4가,1102060,1114060500,11140150,Euljiro-dong
중구,을지로동,을지로동,을지로5가,1102060,1114060500,11140151,Euljiro-dong
중구,을지로동,을지로동,주교동,1102060,1114060500,11140152,Euljiro-dong
중구,을지로동,을지로동,방산동,1102060,1114060500,11140153,Euljiro-dong
중구,을지로동,을지로동,을지로3가,1102060,1114060500,11140155,Euljiro-dong
중구,을지로동,을지로동,입정동,1102060,1114060500,11140156,Euljiro-dong
중구,을지로동,을지로동,산림동,1102060,1114060500,11140157,Euljiro-dong
중구,을지로동,을지로동,초동,1102060,1114060500,11140159,Euljiro-dong
중구,을지로동,을지로동,인현동1가,1102060,1114060500,11140160,Euljiro-dong
중구,을지로동,을지로동,저동2가,1102060,1114060500,11140161,Euljiro-dong
중구,신당동,신당동,신당동,1102069,1114061500,11140162,Sindang-dong
중구,신당동,신당동,흥인동,1102069,1114061500,11140163,Sindang-dong
중구,신당동,신당동,무학동,1102069,1114061500,11140164,Sindang-dong
중구,다산동,다산동,신당동,1102070,1114062500,11140162,Dasan-dong
중구,약수동,약수동,신당동,1102071,1114063500,11140162,Yaksu-dong
중구,청구동,청구동,신당동,1102072,1114064500,11140162,Cheonggu-dong
중구,신당5동,신당제5동,신당동,1102065,1114065000,11140162,Sindang 5(o)-dong
중구,동화동,동화동,신당동,1102073,1114066500,11140162,Donghwa-dong
중구,황학동,황학동,황학동,1102067,1114067000,11140165,Hwanghak-dong
중구,중림동,중림동,중림동,1102068,1114068000,11140171,Jungnim-dong
중구,중림동,중림동,의주로2가,1102068,1114068000,11140172,Jungnim-dong
중구,중림동,중림동,만리동1가,1102068,1114068000,11140173,Jungnim-dong
중구,중림동,중림동,만리동2가,1102068,1114068000,11140174,Jungnim-dong
용산구,용산구,용산구,용산구,,1117000000,11170000,Donghwa-dong
용산구,후암동,후암동,후암동,1103051,1117051000,11170101,Huam-dong
용산구,용산2가동,용산2가동,용산동2가,1103052,1117052000,11170102,Yongsan 2-ga-dong
용산구,용산2가동,용산2가동,용산동4가,1103052,1117052000,11170103,Yongsan 2-ga-dong
용산구,남영동,남영동,갈월동,1103053,1117053000,11170104,Namyeong-dong
용산구,남영동,남영동,남영동,1103053,1117053000,11170105,Namyeong-dong
용산구,남영동,남영동,용산동1가,1103053,1117053000,11170106,Namyeong-dong
용산구,남영동,남영동,동자동,1103053,1117053000,11170107,Namyeong-dong
용산구,청파동,청파동,서계동,1103071,1117055500,11170108,Cheongpa-dong
용산구,청파동,청파동,청파동1가,1103071,1117055500,11170109,Cheongpa-dong
용산구,청파동,청파동,청파동2가,1103071,1117055500,11170110,Cheongpa-dong
용산구,청파동,청파동,청파동3가,1103071,1117055500,11170111,Cheongpa-dong
용산구,원효로1동,원효로1동,원효로1가,1103072,1117056000,11170112,Wonhyoro 1(il)-dong
용산구,원효로1동,원효로1동,원효로2가,1103072,1117056000,11170113,Wonhyoro 1(il)-dong
용산구,원효로1동,원효로1동,문배동,1103072,1117056000,11170122,Wonhyoro 1(il)-dong
용산구,원효로1동,원효로1동,신계동,1103072,1117056000,11170123,Wonhyoro 1(il)-dong
용산구,원효로2동,원효로2동,신창동,1103057,1117057000,11170114,Wonhyoro 2(i)-dong
용산구,원효로2동,원효로2동,산천동,1103057,1117057000,11170115,Wonhyoro 2(i)-dong
용산구,원효로2동,원효로2동,청암동,1103057,1117057000,11170116,Wonhyoro 2(i)-dong
용산구,원효로2동,원효로2동,원효로3가,1103057,1117057000,11170117,Wonhyoro 2(i)-dong
용산구,원효로2동,원효로2동,원효로4가,1103057,1117057000,11170118,Wonhyoro 2(i)-dong
용산구,효창동,효창동,효창동,1103058,1117058000,11170119,Hyochang-dong
용산구,용문동,용문동,도원동,1103059,1117059000,11170120,Yongmun-dong
용산구,용문동,용문동,용문동,1103059,1117059000,11170121,Yongmun-dong
용산구,한강로동,한강로동,한강로1가,1103073,1117062500,11170124,Hangangno-dong
용산구,한강로동,한강로동,한강로2가,1103073,1117062500,11170125,Hangangno-dong
용산구,한강로동,한강로동,용산동3가,1103073,1117062500,11170126,Hangangno-dong
용산구,한강로동,한강로동,용산동5가,1103073,1117062500,11170127,Hangangno-dong
용산구,한강로동,한강로동,한강로3가,1103073,1117062500,11170128,Hangangno-dong
용산구,이촌1동,이촌1동,이촌동,1103063,1117063000,11170129,Ichon 1(il)-dong
용산구,이촌2동,이촌2동,이촌동,1103064,1117064000,11170129,Ichon 2(i)-dong
용산구,이태원1동,이태원1동,이태원동,1103065,1117065000,11170130,Itaewon 1(il)-dong
용산구,이태원2동,이태원2동,이태원동,1103066,1117066000,11170130,Itaewon 2(i)-dong
용산구,한남동,한남동,한남동,1103074,1117068500,11170131,Hannam-dong
용산구,서빙고동,서빙고동,동빙고동,1103069,1117069000,11170132,Seobinggo-dong
용산구,서빙고동,서빙고동,서빙고동,1103069,1117069000,11170133,Seobinggo-dong
용산구,서빙고동,서빙고동,주성동,1103069,1117069000,11170134,Seobinggo-dong
용산구,서빙고동,서빙고동,용산동6가,1103069,1117069000,11170135,Seobinggo-dong
용산구,보광동,보광동,보광동,1103070,1117070000,11170136,Bogwang-dong
성동구,성동구,성동구,성동구,,1120000000,11200000,Hannam-dong
성동구,왕십리2동,왕십리2동,하왕십리동,1104052,1120052000,11200102,Wangsimni 2(i)-dong
성동구,왕십리도선동,왕십리도선동,상왕십리동,1104071,1120053500,11200101,WangsimniDoseon-dong
성동구,왕십리도선동,왕십리도선동,하왕십리동,1104071,1120053500,11200102,WangsimniDoseon-dong
성동구,왕십리도선동,왕십리도선동,홍익동,1104071,1120053500,11200103,WangsimniDoseon-dong
성동구,왕십리도선동,왕십리도선동,도선동,1104071,1120053500,11200104,WangsimniDoseon-dong
성동구,마장동,마장동,마장동,1104054,1120054000,11200105,Majang-dong
성동구,사근동,사근동,사근동,1104055,1120055000,11200106,Sageun-dong
성동구,사근동,사근동,행당동,1104055,1120055000,11200107,Sageun-dong
성동구,행당1동,행당1동,행당동,1104056,1120056000,11200107,Haengdang 1(il)-dong
성동구,행당2동,행당2동,행당동,1104057,1120057000,11200107,Haengdang 2(i)-dong
성동구,응봉동,응봉동,응봉동,1104058,1120058000,11200108,Eungbong-dong
성동구,금호1가동,금호1가동,금호동1가,1104059,1120059000,11200109,Geumho 1(il)-ga-dong
성동구,금호2·3가동,금호2·3가동,금호동2가,1104072,1120061500,11200110,Geumho 2·3(i·sam)-ga-dong
성동구,금호2·3가동,금호2·3가동,금호동3가,1104072,1120061500,11200111,Geumho 2·3(i·sam)-ga-dong
성동구,금호4가동,금호4가동,금호동4가,1104062,1120062000,11200112,Geumho 4(sa)-ga-dong
성동구,옥수동,옥수동,옥수동,1104073,1120064500,11200113,Oksu-dong
성동구,성수1가1동,성수1가1동,성수동1가,1104065,1120065000,11200114,Seongsu 1(il)-ga1(il)-dong
성동구,성수1가2동,성수1가2동,성수동1가,1104066,1120066000,11200114,Seongsu 1(il)-ga2(i)-dong
성동구,성수2가1동,성수2가1동,성수동2가,1104067,1120067000,11200115,Seongsu 2(i)-ga1(il)-dong
성동구,성수2가3동,성수2가3동,성수동2가,1104068,1120069000,11200115,Seongsu 2(i)-ga 3(sam)-dong
성동구,송정동,송정동,송정동,1104069,1120072000,11200118,Songjeong-dong
성동구,용답동,용답동,송정동,1104070,1120079000,11200118,Yongdap-dong
성동구,용답동,용답동,용답동,1104070,1120079000,11200122,Yongdap-dong
광진구,광진구,광진구,광진구,,1121500000,11215000,Oksu-dong
광진구,화양동,화양동,화양동,1105053,1121571000,11215107,Hwayang-dong
광진구,군자동,군자동,군자동,1105054,1121573000,11215109,Gunja-dong
광진구,중곡1동,중곡1동,중곡동,1105055,1121574000,11215101,Junggok 1(il)-dong
광진구,중곡2동,중곡2동,중곡동,1105056,1121575000,11215101,Junggok 2(i)-dong
광진구,중곡3동,중곡3동,중곡동,1105057,1121576000,11215101,Junggok 3(sam)-dong
광진구,중곡4동,중곡4동,중곡동,1105058,1121577000,11215101,Junggok 4(sa)-dong
광진구,능동,능동,능동,1105059,1121578000,11215102,Neung-dong
광진구,광장동,광장동,광장동,1105063,1121581000,11215104,Gwangjang-dong
광진구,자양1동,자양1동,자양동,1105064,1121582000,11215105,Jayang 1(il)-dong
광진구,자양2동,자양2동,자양동,1105065,1121583000,11215105,Jayang 2(i)-dong
광진구,자양3동,자양3동,자양동,1105066,1121584000,11215105,Jayang 3(sam)-dong
광진구,자양4동,자양4동,자양동,1105067,1121584700,11215105,Jayang 4(sa)-dong
광진구,구의1동,구의1동,구의동,1105060,1121585000,11215103,Guui 1(il)-dong
광진구,구의2동,구의2동,구의동,1105061,1121586000,11215103,Guui 2(i)-dong
광진구,구의3동,구의3동,구의동,1105062,1121587000,11215103,Guui 3(sam)-dong
동대문구,동대문구,동대문구,동대문구,,1123000000,11230000,Jayang 4(sa)-dong
동대문구,용신동,용신동,신설동,1106081,1123053600,11230101,Yongsin-dong
동대문구,용신동,용신동,용두동,1106081,1123053600,11230102,Yongsin-dong
동대문구,제기동,제기동,제기동,1106082,1123054500,11230103,Jegi-dong
동대문구,전농1동,전농1동,전농동,1106083,1123056000,11230104,Jeonnong 1(il)-dong
동대문구,전농2동,전농2동,전농동,1106084,1123057000,11230104,Jeonnong 2(i)-dong
동대문구,답십리1동,답십리1동,전농동,1106091,1123060000,11230104,Dapsimni 1(il)-dong
동대문구,답십리1동,답십리1동,답십리동,1106091,1123060000,11230105,Dapsimni 1(il)-dong
동대문구,답십리2동,답십리2동,답십리동,1106086,1123061000,11230105,Dapsimni 2(i)-dong
동대문구,장안1동,장안1동,장안동,1106087,1123065000,11230106,Jangan 1(il)-dong
동대문구,장안2동,장안2동,장안동,1106088,1123066000,11230106,Jangan 2(i)-dong
동대문구,청량리동,청량리동,청량리동,1106080,1123070500,11230107,Cheongnyangni-dong
동대문구,회기동,회기동,회기동,1106071,1123071000,11230108,Hoegi-dong
동대문구,휘경1동,휘경1동,휘경동,1106072,1123072000,11230109,Hwigyeong 1(il)-dong
동대문구,휘경2동,휘경2동,휘경동,1106073,1123073000,11230109,Hwigyeong 2(i)-dong
동대문구,이문1동,이문1동,이문동,1106089,1123074000,11230110,Imun 1(il)-dong
동대문구,이문2동,이문2동,이문동,1106090,1123075000,11230110,Imun 2(i)-dong
중랑구,중랑구,중랑구,중랑구,,1126000000,11260000,Imun 2(i)-dong
중랑구,면목2동,면목2동,면목동,1107052,1126052000,11260101,Myeonmok 2(i)-dong
중랑구,면목4동,면목4동,면목동,1107054,1126054000,11260101,Myeonmok 4(sa)-dong
중랑구,면목5동,면목5동,면목동,1107055,1126055000,11260101,Myeonmok 5(o)-dong
중랑구,면목본동,면목본동,면목동,1107071,1126056500,11260101,Myeonmokbon-dong
중랑구,면목7동,면목7동,면목동,1107057,1126057000,11260101,Myeonmok 7(chil)-dong
중랑구,면목3·8동,면목3·8동,면목동,1107072,1126057500,11260101,Myeonmok 3·8(sam·pal)-dong
중랑구,상봉1동,상봉1동,상봉동,1107059,1126058000,11260102,Sangbong 1(il)-dong
중랑구,상봉2동,상봉2동,상봉동,1107060,1126059000,11260102,Sangbong 2(i)-dong
중랑구,중화1동,중화1동,중화동,1107061,1126060000,11260103,Junghwa 1(il)-dong
중랑구,중화2동,중화2동,중화동,1107062,1126061000,11260103,Junghwa 2(i)-dong
중랑구,묵1동,묵1동,묵동,1107064,1126062000,11260104,Muk 1(il)-dong
중랑구,묵2동,묵2동,묵동,1107065,1126063000,11260104,Muk 2(i)-dong
중랑구,망우본동,망우본동,망우동,1107073,1126065500,11260105,Mangubon-dong
중랑구,망우3동,망우제3동,망우동,1107068,1126066000,11260105,Mangu 3(sam)-dong
중랑구,신내1동,신내1동,신내동,1107069,1126068000,11260106,Sinnae 1(il)-dong
중랑구,신내2동,신내2동,신내동,1107070,1126069000,11260106,Sinnae 2(i)-dong
성북구,성북구,성북구,성북구,,1129000000,11290000,Mangubon-dong
성북구,성북동,성북동,성북동,1108081,1129052500,11290101,Seongbuk-dong
성북구,성북동,성북동,성북동1가,1108081,1129052500,11290102,Seongbuk-dong
성북구,성북동,성북동,동소문동1가,1108081,1129052500,11290104,Seongbuk-dong
성북구,성북동,성북동,동소문동4가,1108081,1129052500,11290107,Seongbuk-dong
성북구,삼선동,삼선동,돈암동,1108082,1129055500,11290103,Samseon-dong
성북구,삼선동,삼선동,동소문동2가,1108082,1129055500,11290105,Samseon-dong
성북구,삼선동,삼선동,동소문동3가,1108082,1129055500,11290106,Samseon-dong
성북구,삼선동,삼선동,동소문동5가,1108082,1129055500,11290108,Samseon-dong
성북구,삼선동,삼선동,삼선동1가,1108082,1129055500,11290111,Samseon-dong
성북구,삼선동,삼선동,삼선동2가,1108082,1129055500,11290112,Samseon-dong
성북구,삼선동,삼선동,삼선동3가,1108082,1129055500,11290113,Samseon-dong
성북구,삼선동,삼선동,삼선동4가,1108082,1129055500,11290114,Samseon-dong
성북구,삼선동,삼선동,삼선동5가,1108082,1129055500,11290115,Samseon-dong
성북구,동선동,동선동,돈암동,1108083,1129057500,11290103,Dongseon-dong
성북구,동선동,동선동,동소문동6가,1108083,1129057500,11290109,Dongseon-dong
성북구,동선동,동선동,동소문동7가,1108083,1129057500,11290110,Dongseon-dong
성북구,동선동,동선동,동선동1가,1108083,1129057500,11290116,Dongseon-dong
성북구,동선동,동선동,동선동2가,1108083,1129057500,11290117,Dongseon-dong
성북구,동선동,동선동,동선동3가,1108083,1129057500,11290118,Dongseon-dong
성북구,동선동,동선동,동선동4가,1108083,1129057500,11290119,Dongseon-dong
성북구,동선동,동선동,동선동5가,1108083,1129057500,11290120,Dongseon-dong
성북구,돈암1동,돈암1동,돈암동,1108058,1129058000,11290103,Donam 1(il)-dong
성북구,돈암2동,돈암2동,돈암동,1108059,1129059000,11290103,Donam 2(i)-dong
성북구,안암동,안암동,안암동1가,1108060,1129060000,11290121,Anam-dong
성북구,안암동,안암동,안암동2가,1108060,1129060000,11290122,Anam-dong
성북구,안암동,안암동,안암동3가,1108060,1129060000,11290123,Anam-dong
성북구,안암동,안암동,안암동4가,1108060,1129060000,11290124,Anam-dong
성북구,안암동,안암동,안암동5가,1108060,1129060000,11290125,Anam-dong
성북구,보문동,보문동,보문동4가,1108061,1129061000,11290126,Bomun-dong
성북구,보문동,보문동,보문동5가,1108061,1129061000,11290127,Bomun-dong
성북구,보문동,보문동,보문동6가,1108061,1129061000,11290128,Bomun-dong
성북구,보문동,보문동,보문동7가,1108061,1129061000,11290129,Bomun-dong
성북구,보문동,보문동,보문동1가,1108061,1129061000,11290130,Bomun-dong
성북구,보문동,보문동,보문동2가,1108061,1129061000,11290131,Bomun-dong
성북구,보문동,보문동,보문동3가,1108061,1129061000,11290132,Bomun-dong
성북구,정릉1동,정릉1동,정릉동,1108062,1129062000,11290133,Jeongneung 1(il)-dong
성북구,정릉2동,정릉2동,돈암동,1108063,1129063000,11290103,Jeongneung 2(i)-dong
성북구,정릉2동,정릉2동,정릉동,1108063,1129063000,11290133,Jeongneung 2(i)-dong
성북구,정릉3동,정릉3동,정릉동,1108064,1129064000,11290133,Jeongneung 3(sam)-dong
성북구,정릉4동,정릉4동,정릉동,1108065,1129065000,11290133,Jeongneung 4(sa)-dong
성북구,길음1동,길음1동,길음동,1108066,1129066000,11290134,Gireum 1(il)-dong
성북구,길음2동,길음2동,길음동,1108068,1129068500,11290134,Gireum 2(i)-dong
성북구,길음2동,길음2동,하월곡동,1108068,1129068500,11290136,Gireum 2(i)-dong
성북구,종암동,종암동,종암동,1108084,1129070500,11290135,Jongam-dong
성북구,월곡1동,월곡1동,하월곡동,1108071,1129071500,11290136,Wolgok 1(il)-dong
성북구,월곡2동,월곡2동,하월곡동,1108072,1129072500,11290136,Wolgok 2(i)-dong
성북구,월곡2동,월곡2동,상월곡동,1108072,1129072500,11290137,Wolgok 2(i)-dong
성북구,장위1동,장위1동,장위동,1108076,1129076000,11290138,Jangwi 1(il)-dong
성북구,장위2동,장위2동,장위동,1108077,1129077000,11290138,Jangwi 2(i)-dong
성북구,장위3동,장위3동,장위동,1108078,1129078000,11290138,Jangwi 3(sam)-dong
성북구,석관동,석관동,석관동,1108085,1129081000,11290139,Seokgwan-dong
강북구,강북구,강북구,강북구,,1130500000,11305000,
강북구,삼양동,삼양동,미아동,1109069,1130553400,11305101,Samyang-dong
강북구,미아동,미아동,미아동,1109070,1130553500,11305101,Mia-dong
강북구,송중동,송중동,미아동,1109071,1130554500,11305101,Songjung-dong
강북구,송천동,송천동,미아동,1109072,1130555500,11305101,Songcheon-dong
강북구,삼각산동,삼각산동,미아동,1109073,1130557500,11305101,Samgaksan-dong
강북구,번1동,번1동,번동,1109060,1130559000,11305102,Beon 1(il)-dong
강북구,번2동,번2동,번동,1109061,1130560000,11305102,Beon 2(i)-dong
강북구,번3동,번3동,번동,1109062,1130560600,11305102,Beon 3(sam)-dong
강북구,수유1동,수유1동,수유동,1109063,1130561000,11305103,Suyu 1(il)-dong
강북구,수유2동,수유2동,수유동,1109064,1130562000,11305103,Suyu 2(i)-dong
강북구,수유3동,수유3동,수유동,1109065,1130563000,11305103,Suyu 3(sam)-dong
강북구,우이동,우이동,수유동,1109074,1130564500,11305103,Ui-dong
강북구,우이동,우이동,우이동,1109074,1130564500,11305104,Ui-dong
강북구,인수동,인수동,수유동,1109075,1130566000,11305103,Insu-dong
도봉구,도봉구,도봉구,도봉구,,1132000000,11320000,
도봉구,창1동,창1동,창동,1110059,1132051100,11320107,Chang 1(il)-dong
도봉구,창2동,창2동,창동,1110060,1132051200,11320107,Chang 2(i)-dong
도봉구,창3동,창3동,창동,1110061,1132051300,11320107,Chang 3(sam)-dong
도봉구,창4동,창4동,창동,1110062,1132051400,11320107,Chang 4(sa)-dong
도봉구,창5동,창5동,창동,1110063,1132051500,11320107,Chang 5(o)-dong
도봉구,도봉1동,도봉1동,도봉동,1110064,1132052100,11320108,Dobong 1(il)-dong
도봉구,도봉2동,도봉2동,도봉동,1110065,1132052200,11320108,Dobong 2(i)-dong
도봉구,쌍문1동,쌍문1동,쌍문동,1110051,1132066000,11320105,Ssangmun 1(il)-dong
도봉구,쌍문2동,쌍문2동,쌍문동,1110052,1132067000,11320105,Ssangmun 2(i)-dong
도봉구,쌍문3동,쌍문3동,쌍문동,1110053,1132068000,11320105,Ssangmun 3(sam)-dong
도봉구,쌍문4동,쌍문4동,쌍문동,1110054,1132068100,11320105,Ssangmun 4(sa)-dong
도봉구,방학1동,방학1동,방학동,1110055,1132069000,11320106,Banghak 1(il)-dong
도봉구,방학2동,방학2동,방학동,1110056,1132070000,11320106,Banghak 2(i)-dong
도봉구,방학3동,방학3동,방학동,1110057,1132071000,11320106,Banghak 3(sam)-dong
노원구,노원구,노원구,노원구,,1135000000,11350000,#N/A
노원구,월계1동,월계1동,월계동,1111051,1135056000,11350102,Wolgye 1(il)-dong
노원구,월계2동,월계2동,월계동,1111052,1135057000,11350102,Wolgye 2(i)-dong
노원구,월계3동,월계3동,월계동,1111053,1135058000,11350102,Wolgye 3(sam)-dong
노원구,공릉1동,공릉1동,공릉동,1111079,1135059500,11350103,Gongneung 1(il)-dong
노원구,공릉2동,공릉2동,공릉동,1111056,1135060000,11350103,Gongneung 2(i)-dong
노원구,하계1동,하계1동,하계동,1111058,1135061100,11350104,Hagye 1(il)-dong
노원구,하계2동,하계2동,하계동,1111059,1135061200,11350104,Hagye 2(i)-dong
노원구,중계본동,중계본동,중계동,1111060,1135061900,11350106,Junggyebon-dong
노원구,중계1동,중계1동,중계동,1111061,1135062100,11350106,Junggye 1(il)-dong
노원구,중계4동,중계4동,상계동,1111064,1135062400,11350105,Junggye 4(sa)-dong
노원구,중계4동,중계4동,중계동,1111064,1135062400,11350106,Junggye 4(sa)-dong
노원구,중계2·3동,중계2·3동,중계동,1111078,1135062500,11350106,Junggye 2·3(i·sam)-dong
노원구,상계1동,상계1동,상계동,1111065,1135063000,11350105,Sanggye 1(il)-dong
노원구,상계2동,상계2동,상계동,1111066,1135064000,11350105,Sanggye 2(i)-dong
노원구,상계3·4동,상계3·4동,상계동,1111076,1135066500,11350105,Sanggye 3·4(sam·sa)-dong
노원구,상계5동,상계5동,상계동,1111069,1135067000,11350105,Sanggye 5(o)-dong
노원구,상계6·7동,상계6·7동,상계동,1111077,1135069500,11350105,Sanggye 6·7(yuk·chil)-dong
노원구,상계8동,상계8동,상계동,1111072,1135070000,11350105,Sanggye 8(pal)-dong
노원구,상계9동,상계9동,상계동,1111073,1135071000,11350105,Sanggye 9(gu)-dong
노원구,상계10동,상계10동,상계동,1111074,1135072000,11350105,Sanggye 10(sip)-dong
은평구,은평구,은평구,은평구,,1138000000,11380000,#N/A
은평구,녹번동,녹번동,녹번동,1112051,1138051000,11380102,Nokbeon-dong
은평구,불광1동,불광1동,불광동,1112052,1138052000,11380103,Bulgwang 1(il)-dong
은평구,불광2동,불광2동,불광동,1112072,1138053000,11380103,Bulgwang 2(i)-dong
은평구,갈현1동,갈현1동,갈현동,1112055,1138055100,11380104,Galhyeon 1(il)-dong
은평구,갈현2동,갈현2동,갈현동,1112056,1138055200,11380104,Galhyeon 2(i)-dong
은평구,구산동,구산동,구산동,1112057,1138056000,11380105,Gusan-dong
은평구,대조동,대조동,대조동,1112058,1138057000,11380106,Daejo-dong
은평구,응암1동,응암1동,응암동,1112059,1138058000,11380107,Eungam 1(il)-dong
은평구,응암2동,응암2동,응암동,1112060,1138059000,11380107,Eungam 2(i)-dong
은평구,응암3동,응암3동,응암동,1112073,1138060000,11380107,Eungam 3(sam)-dong
은평구,역촌동,역촌동,역촌동,1112074,1138062500,11380108,Yeokchon-dong
은평구,신사1동,신사1동,신사동,1112065,1138063100,11380109,Sinsa 1(il)-dong
은평구,신사2동,신사2동,신사동,1112066,1138063200,11380109,Sinsa 2(i)-dong
은평구,증산동,증산동,증산동,1112067,1138064000,11380110,Jeungsan-dong
은평구,수색동,수색동,수색동,1112068,1138065000,11380101,Susaek-dong
은평구,진관동,진관동,진관동,1112071,1138069000,11380114,Jingwan-dong
서대문구,서대문구,서대문구,서대문구,,1141000000,11410000,#N/A
서대문구,천연동,천연동,냉천동,1113052,1141052000,11410105,Cheonyeon-dong
서대문구,천연동,천연동,천연동,1113052,1141052000,11410106,Cheonyeon-dong
서대문구,천연동,천연동,옥천동,1113052,1141052000,11410107,Cheonyeon-dong
서대문구,천연동,천연동,영천동,1113052,1141052000,11410108,Cheonyeon-dong
서대문구,천연동,천연동,현저동,1113052,1141052000,11410109,Cheonyeon-dong
서대문구,북아현동,북아현동,북아현동,1113074,1141055500,11410110,Bugahyeon-dong
서대문구,충현동,충현동,충정로2가,1113073,1141056500,11410101,Chunghyeon-dong
서대문구,충현동,충현동,충정로3가,1113073,1141056500,11410102,Chunghyeon-dong
서대문구,충현동,충현동,합동,1113073,1141056500,11410103,Chunghyeon-dong
서대문구,충현동,충현동,미근동,1113073,1141056500,11410104,Chunghyeon-dong
서대문구,충현동,충현동,북아현동,1113073,1141056500,11410110,Chunghyeon-dong
서대문구,신촌동,신촌동,대현동,1113075,1141058500,11410112,Sinchon-dong
서대문구,신촌동,신촌동,대신동,1113075,1141058500,11410113,Sinchon-dong
서대문구,신촌동,신촌동,신촌동,1113075,1141058500,11410114,Sinchon-dong
서대문구,신촌동,신촌동,봉원동,1113075,1141058500,11410115,Sinchon-dong
서대문구,신촌동,신촌동,창천동,1113075,1141058500,11410116,Sinchon-dong
서대문구,연희동,연희동,연희동,1113076,1141061500,11410117,Yeonhui-dong
서대문구,홍제1동,홍제1동,홍제동,1113062,1141062000,11410111,Hongje 1(il)-dong
서대문구,홍제3동,홍제3동,홍제동,1113064,1141064000,11410111,Hongje 3(sam)-dong
서대문구,홍제2동,홍제2동,홍제동,1113065,1141065500,11410111,Hongje 2(i)-dong
서대문구,홍은1동,홍은1동,홍은동,1113066,1141066000,11410118,Hongeun 1(il)-dong
서대문구,홍은2동,홍은2동,홍은동,1113068,1141068500,11410118,Hongeun 2(i)-dong
서대문구,남가좌1동,남가좌1동,남가좌동,1113069,1141069000,11410120,Namgajwa 1(il)-dong
서대문구,남가좌2동,남가좌2동,남가좌동,1113070,1141070000,11410120,Namgajwa 2(i)-dong
서대문구,북가좌1동,북가좌1동,북가좌동,1113071,1141071000,11410119,Bukgajwa 1(il)-dong
서대문구,북가좌2동,북가좌2동,북가좌동,1113072,1141072000,11410119,Bukgajwa 2(i)-dong
마포구,마포구,마포구,마포구,,1144000000,11440000,#N/A
마포구,아현동,아현동,아현동,1114078,1144055500,11440101,Ahyeon-dong
마포구,아현동,아현동,공덕동,1114078,1144055500,11440102,Ahyeon-dong
마포구,아현동,아현동,염리동,1114078,1144055500,11440109,Ahyeon-dong
마포구,공덕동,공덕동,아현동,1114077,1144056500,11440101,gongdeok-dong
마포구,공덕동,공덕동,공덕동,1114077,1144056500,11440102,gongdeok-dong
마포구,공덕동,공덕동,신공덕동,1114077,1144056500,11440103,gongdeok-dong
마포구,공덕동,공덕동,도화동,1114077,1144056500,11440104,gongdeok-dong
마포구,도화동,도화동,도화동,1114075,1144058500,11440104,Dohwa-dong
마포구,도화동,도화동,마포동,1114075,1144058500,11440107,Dohwa-dong
마포구,용강동,용강동,도화동,1114059,1144059000,11440104,Yonggang-dong
마포구,용강동,용강동,용강동,1114059,1144059000,11440105,Yonggang-dong
마포구,용강동,용강동,토정동,1114059,1144059000,11440106,Yonggang-dong
마포구,용강동,용강동,마포동,1114059,1144059000,11440107,Yonggang-dong
마포구,용강동,용강동,대흥동,1114059,1144059000,11440108,Yonggang-dong
마포구,용강동,용강동,염리동,1114059,1144059000,11440109,Yonggang-dong
마포구,대흥동,대흥동,대흥동,1114060,1144060000,11440108,Daeheung-dong
마포구,대흥동,대흥동,노고산동,1114060,1144060000,11440110,Daeheung-dong
마포구,대흥동,대흥동,신수동,1114060,1144060000,11440111,Daeheung-dong
마포구,염리동,염리동,염리동,1114061,1144061000,11440109,Yeomni-dong
마포구,신수동,신수동,대흥동,1114063,1144063000,11440108,Sinsu-dong
마포구,신수동,신수동,신수동,1114063,1144063000,11440111,Sinsu-dong
마포구,신수동,신수동,현석동,1114063,1144063000,11440112,Sinsu-dong
마포구,신수동,신수동,구수동,1114063,1144063000,11440113,Sinsu-dong
마포구,신수동,신수동,신정동,1114063,1144063000,11440117,Sinsu-dong
마포구,서강동,서강동,창전동,1114076,1144065500,11440114,Seogang-dong
마포구,서강동,서강동,상수동,1114076,1144065500,11440115,Seogang-dong
마포구,서강동,서강동,하중동,1114076,1144065500,11440116,Seogang-dong
마포구,서강동,서강동,신정동,1114076,1144065500,11440117,Seogang-dong
마포구,서강동,서강동,당인동,1114076,1144065500,11440118,Seogang-dong
마포구,서교동,서교동,노고산동,1114066,1144066000,11440110,Seogyo-dong
마포구,서교동,서교동,서교동,1114066,1144066000,11440120,Seogyo-dong
마포구,서교동,서교동,동교동,1114066,1144066000,11440121,Seogyo-dong
마포구,합정동,합정동,합정동,1114068,1144068000,11440122,Hapjeong-dong
마포구,망원1동,망원1동,망원동,1114069,1144069000,11440123,Mangwon 1(il)-dong
마포구,망원2동,망원2동,망원동,1114070,1144070000,11440123,Mangwon 2(i)-dong
마포구,연남동,연남동,연남동,1114071,1144071000,11440124,Yeonnam-dong
마포구,성산1동,성산1동,성산동,1114072,1144072000,11440125,Seongsan 1(il)-dong
마포구,성산2동,성산2동,성산동,1114073,1144073000,11440125,Seongsan 2(i)-dong
마포구,성산2동,성산2동,중동,1114073,1144073000,11440126,Seongsan 2(i)-dong
마포구,상암동,상암동,상암동,1114074,1144074000,11440127,Sangam-dong
양천구,양천구,양천구,양천구,,1147000000,11470000,#N/A
양천구,목1동,목1동,목동,1115051,1147051000,11470102,Mok 1(il)-dong
양천구,목2동,목2동,목동,1115052,1147052000,11470102,Mok 2(i)-dong
양천구,목3동,목3동,목동,1115053,1147053000,11470102,Mok 3(sam)-dong
양천구,목4동,목4동,목동,1115054,1147054000,11470102,Mok 4(sa)-dong
양천구,목5동,목5동,목동,1115071,1147055000,11470102,Mok 5(o)-dong
양천구,신월1동,신월1동,신월동,1115057,1147056000,11470103,Sinwol 1(il)-dong
양천구,신월2동,신월2동,신월동,1115058,1147057000,11470103,Sinwol 2(i)-dong
양천구,신월3동,신월3동,신월동,1115059,1147058000,11470103,Sinwol 3(sam)-dong
양천구,신월4동,신월4동,신월동,1115060,1147059000,11470103,Sinwol 4(sa)-dong
양천구,신월5동,신월5동,신월동,1115061,1147060000,11470103,Sinwol 5(o)-dong
양천구,신월6동,신월6동,신월동,1115062,1147061000,11470103,Sinwol 6(yuk)-dong
양천구,신월7동,신월7동,신월동,1115063,1147061100,11470103,Sinwol 7(chil)-dong
양천구,신정1동,신정1동,신정동,1115064,1147062000,11470101,Sinjeong 1(il)-dong
양천구,신정2동,신정2동,신정동,1115065,1147063000,11470101,Sinjeong 2(i)-dong
양천구,신정3동,신정3동,신정동,1115066,1147064000,11470101,Sinjeong 3(sam)-dong
양천구,신정4동,신정4동,신정동,1115072,1147065000,11470101,Sinjeong 4(sa)-dong
양천구,신정6동,신정6동,신정동,1115069,1147067000,11470101,Sinjeong 6(yuk)-dong
양천구,신정7동,신정7동,신정동,1115070,1147068000,11470101,Sinjeong 7(chil)-dong
강서구,강서구,강서구,강서구,,1150000000,11500000,#N/A
강서구,염창동,염창동,염창동,1116051,1150051000,11500101,Yeomchang-dong
강서구,염창동,염창동,가양동,1116051,1150051000,11500104,Yeomchang-dong
강서구,등촌1동,등촌1동,등촌동,1116052,1150052000,11500102,Deungchon 1(il)-dong
강서구,등촌2동,등촌2동,등촌동,1116053,1150053000,11500102,Deungchon 2(i)-dong
강서구,등촌3동,등촌3동,등촌동,1116054,1150053500,11500102,Deungchon 3(sam)-dong
강서구,화곡1동,화곡1동,화곡동,1116073,1150054000,11500103,Hwagok 1(il)-dong
강서구,화곡2동,화곡2동,화곡동,1116057,1150055000,11500103,Hwagok 2(i)-dong
강서구,화곡3동,화곡3동,화곡동,1116058,1150056000,11500103,Hwagok 3(sam)-dong
강서구,화곡4동,화곡4동,화곡동,1116059,1150057000,11500103,Hwagok 4(sa)-dong
강서구,화곡본동,화곡본동,화곡동,1116055,1150059000,11500103,Hwagokbon-dong
강서구,화곡6동,화곡6동,화곡동,1116061,1150059100,11500103,Hwagok 6(yuk)-dong
강서구,화곡8동,화곡8동,화곡동,1116063,1150059300,11500103,Hwagok 8(pal)-dong
강서구,가양1동,가양1동,가양동,1116064,1150060300,11500104,Gayang 1(il)-dong
강서구,가양1동,가양1동,마곡동,1116064,1150060300,11500105,Gayang 1(il)-dong
강서구,가양2동,가양2동,가양동,1116065,1150060400,11500104,Gayang 2(i)-dong
강서구,가양3동,가양3동,가양동,1116066,1150060500,11500104,Gayang 3(sam)-dong
강서구,발산1동,발산1동,마곡동,1116067,1150061100,11500105,Balsan 1(il)-dong
강서구,발산1동,발산1동,내발산동,1116067,1150061100,11500106,Balsan 1(il)-dong
강서구,발산1동,발산1동,외발산동,1116067,1150061100,11500107,Balsan 1(il)-dong
강서구,우장산동,우장산동,화곡동,1116074,1150061500,11500103,Ujangsan-dong
강서구,우장산동,우장산동,내발산동,1116074,1150061500,11500106,Ujangsan-dong
강서구,공항동,공항동,마곡동,1116069,1150062000,11500105,Gonghang-dong
강서구,공항동,공항동,공항동,1116069,1150062000,11500108,Gonghang-dong
강서구,공항동,공항동,과해동,1116069,1150062000,11500111,Gonghang-dong
강서구,공항동,공항동,오곡동,1116069,1150062000,11500112,Gonghang-dong
강서구,공항동,공항동,오쇠동,1116069,1150062000,11500113,Gonghang-dong
강서구,방화1동,방화1동,마곡동,1116070,1150063000,11500105,Banghwa 1(il)-dong
강서구,방화1동,방화1동,방화동,1116070,1150063000,11500109,Banghwa 1(il)-dong
강서구,방화2동,방화2동,방화동,1116071,1150064000,11500109,Banghwa 2(i)-dong
강서구,방화2동,방화2동,개화동,1116071,1150064000,11500110,Banghwa 2(i)-dong
강서구,방화3동,방화3동,방화동,1116072,1150064100,11500109,Banghwa 3(sam)-dong
구로구,구로구,구로구,구로구,,1153000000,11530000,#N/A
구로구,신도림동,신도림동,신도림동,1117051,1153051000,11530101,Sindorim-dong
구로구,구로1동,구로1동,구로동,1117052,1153052000,11530102,Guro 1(il)-dong
구로구,구로2동,구로2동,구로동,1117071,1153053000,11530102,Guro 2(i)-dong
구로구,구로3동,구로3동,구로동,1117054,1153054000,11530102,Guro 3(sam)-dong
구로구,구로4동,구로4동,구로동,1117055,1153055000,11530102,Guro 4(sa)-dong
구로구,구로5동,구로5동,구로동,1117056,1153056000,11530102,Guro 5(o)-dong
구로구,가리봉동,가리봉동,가리봉동,1117070,1153059500,11530103,Garibong-dong
구로구,고척1동,고척1동,고척동,1117061,1153072000,11530106,Gocheok 1(il)-dong
구로구,고척2동,고척2동,고척동,1117062,1153073000,11530106,Gocheok 2(i)-dong
구로구,개봉1동,개봉1동,개봉동,1117072,1153074000,11530107,Gaebong 1(il)-dong
구로구,개봉2동,개봉2동,개봉동,1117064,1153075000,11530107,Gaebong 2(i)-dong
구로구,개봉3동,개봉3동,개봉동,1117065,1153076000,11530107,Gaebong 3(sam)-dong
구로구,오류1동,오류1동,오류동,1117067,1153077000,11530108,Oryu 1(il)-dong
구로구,오류2동,오류2동,오류동,1117068,1153078000,11530108,Oryu 2(i)-dong
구로구,오류2동,오류2동,천왕동,1117068,1153078000,11530111,Oryu 2(i)-dong
구로구,오류2동,오류2동,항동,1117068,1153078000,11530112,Oryu 2(i)-dong
구로구,수궁동,수궁동,궁동,1117069,1153079000,11530109,Sugung-dong
구로구,수궁동,수궁동,온수동,1117069,1153079000,11530110,Sugung-dong
금천구,금천구,금천구,금천구,,1154500000,11545000,#N/A
금천구,가산동,가산동,가산동,1118051,1154551000,11545101,Gasan-dong
금천구,독산1동,독산1동,독산동,1118052,1154561000,11545102,Doksan 1(il)-dong
금천구,독산2동,독산2동,독산동,1118053,1154562000,11545102,Doksan 2(i)-dong
금천구,독산3동,독산3동,독산동,1118054,1154563000,11545102,Doksan 3(sam)-dong
금천구,독산4동,독산4동,독산동,1118055,1154564000,11545102,Doksan 4(sa)-dong
금천구,시흥1동,시흥1동,시흥동,1118057,1154567000,11545103,Siheung 1(il)-dong
금천구,시흥2동,시흥2동,시흥동,1118058,1154568000,11545103,Siheung 2(i)-dong
금천구,시흥3동,시흥3동,시흥동,1118059,1154569000,11545103,Siheung 3(sam)-dong
금천구,시흥4동,시흥4동,시흥동,1118060,1154570000,11545103,Siheung 4(sa)-dong
금천구,시흥5동,시흥5동,시흥동,1118061,1154571000,11545103,Siheung 5(o)-dong
영등포구,영등포구,영등포구,영등포구,,1156000000,11560000,#N/A
영등포구,영등포본동,영등포본동,영등포동,1119073,1156051500,11560101,Yeongdeungpobon-dong
영등포구,영등포본동,영등포본동,신길동,1119073,1156051500,11560132,Yeongdeungpobon-dong
영등포구,영등포동,영등포동,영등포동,1119074,1156053500,11560101,Yeongdeungpo-dong
영등포구,영등포동,영등포동,영등포동1가,1119074,1156053500,11560102,Yeongdeungpo-dong
영등포구,영등포동,영등포동,영등포동2가,1119074,1156053500,11560103,Yeongdeungpo-dong
영등포구,영등포동,영등포동,영등포동3가,1119074,1156053500,11560104,Yeongdeungpo-dong
영등포구,영등포동,영등포동,영등포동4가,1119074,1156053500,11560105,Yeongdeungpo-dong
영등포구,영등포동,영등포동,영등포동5가,1119074,1156053500,11560106,Yeongdeungpo-dong
영등포구,영등포동,영등포동,영등포동6가,1119074,1156053500,11560107,Yeongdeungpo-dong
영등포구,영등포동,영등포동,영등포동7가,1119074,1156053500,11560108,Yeongdeungpo-dong
영등포구,영등포동,영등포동,영등포동8가,1119074,1156053500,11560109,Yeongdeungpo-dong
영등포구,여의동,여의동,여의도동,1119054,1156054000,11560110,Yeoui-dong
영등포구,당산1동,당산1동,당산동1가,1119055,1156055000,11560111,Dangsan 1(il)-dong
영등포구,당산1동,당산1동,당산동2가,1119055,1156055000,11560112,Dangsan 1(il)-dong
영등포구,당산1동,당산1동,당산동3가,1119055,1156055000,11560113,Dangsan 1(il)-dong
영등포구,당산2동,당산2동,당산동4가,1119056,1156056000,11560114,Dangsan  2(i)-dong
영등포구,당산2동,당산2동,당산동5가,1119056,1156056000,11560115,Dangsan  2(i)-dong
영등포구,당산2동,당산2동,당산동6가,1119056,1156056000,11560116,Dangsan  2(i)-dong
영등포구,당산2동,당산2동,당산동,1119056,1156056000,11560117,Dangsan  2(i)-dong
영등포구,도림동,도림동,도림동,1119075,1156058500,11560118,Dorim-dong
영등포구,문래동,문래동,문래동1가,1119076,1156060500,11560119,Mullae-dong
영등포구,문래동,문래동,문래동2가,1119076,1156060500,11560120,Mullae-dong
영등포구,문래동,문래동,문래동3가,1119076,1156060500,11560121,Mullae-dong
영등포구,문래동,문래동,문래동4가,1119076,1156060500,11560122,Mullae-dong
영등포구,문래동,문래동,문래동5가,1119076,1156060500,11560123,Mullae-dong
영등포구,문래동,문래동,문래동6가,1119076,1156060500,11560124,Mullae-dong
영등포구,양평1동,양평1동,양평동1가,1119061,1156061000,11560125,Yangpyeong 1(il)-dong
영등포구,양평1동,양평1동,양평동2가,1119061,1156061000,11560126,Yangpyeong 1(il)-dong
영등포구,양평1동,양평1동,양평동3가,1119061,1156061000,11560127,Yangpyeong 1(il)-dong
영등포구,양평2동,양평2동,양평동3가,1119062,1156062000,11560127,Yangpyeong 2(i)-dong
영등포구,양평2동,양평2동,양평동4가,1119062,1156062000,11560128,Yangpyeong 2(i)-dong
영등포구,양평2동,양평2동,양평동5가,1119062,1156062000,11560129,Yangpyeong 2(i)-dong
영등포구,양평2동,양평2동,양평동6가,1119062,1156062000,11560130,Yangpyeong 2(i)-dong
영등포구,양평2동,양평2동,양화동,1119062,1156062000,11560131,Yangpyeong 2(i)-dong
영등포구,양평2동,양평2동,양평동,1119062,1156062000,11560134,Yangpyeong 2(i)-dong
영등포구,신길1동,신길1동,신길동,1119063,1156063000,11560132,Singil 1(il)-dong
영등포구,신길3동,신길3동,신길동,1119065,1156065000,11560132,Singil 3(sam)-dong
영등포구,신길4동,신길4동,신길동,1119066,1156066000,11560132,Singil 4(sa)-dong
영등포구,신길5동,신길5동,신길동,1119067,1156067000,11560132,Singil 5(o)-dong
영등포구,신길5동,신길5동,대림동,1119067,1156067000,11560133,Singil 5(o)-dong
영등포구,신길6동,신길6동,신길동,1119068,1156068000,11560132,Singil 6(yuk)-dong
영등포구,신길7동,신길7동,신길동,1119069,1156069000,11560132,Singil 7(chil)-dong
영등포구,대림1동,대림1동,대림동,1119070,1156070000,11560133,Daerim 1(il)-dong
영등포구,대림2동,대림2동,대림동,1119071,1156071000,11560133,Daerim 2(i)-dong
영등포구,대림3동,대림3동,대림동,1119072,1156072000,11560133,Daerim 3(sam)-dong
동작구,동작구,동작구,동작구,,1159000000,11590000,#N/A
동작구,노량진1동,노량진1동,노량진동,1120072,1159051000,11590101,Noryangjin 1(il)-dong
동작구,노량진1동,노량진1동,본동,1120072,1159051000,11590104,Noryangjin 1(il)-dong
동작구,노량진2동,노량진2동,노량진동,1120052,1159052000,11590101,Noryangjin 2(i)-dong
동작구,상도1동,상도1동,상도동,1120053,1159053000,11590102,Sangdo 1(il)-dong
동작구,상도1동,상도1동,상도1동,1120053,1159053000,11590103,Sangdo 1(il)-dong
동작구,상도2동,상도2동,상도동,1120054,1159054000,11590102,Sangdo 2(i)-dong
동작구,상도3동,상도3동,상도동,1120055,1159055000,11590102,Sangdo 3(sam)-dong
동작구,상도4동,상도4동,상도동,1120056,1159056000,11590102,Sangdo 4(sa)-dong
동작구,흑석동,흑석동,흑석동,1120071,1159060500,11590105,Heukseok-dong
동작구,사당1동,사당1동,사당동,1120063,1159062000,11590107,Sadang 1(il)-dong
동작구,사당2동,사당2동,동작동,1120073,1159063000,11590106,Sadang 2(i)-dong
동작구,사당2동,사당2동,사당동,1120073,1159063000,11590107,Sadang 2(i)-dong
동작구,사당3동,사당3동,사당동,1120065,1159064000,11590107,Sadang 3(sam)-dong
동작구,사당4동,사당4동,사당동,1120066,1159065000,11590107,Sadang 4(sa)-dong
동작구,사당5동,사당5동,사당동,1120067,1159065100,11590107,Sadang 5(o)-dong
동작구,대방동,대방동,대방동,1120068,1159066000,11590108,Daebang-dong
동작구,신대방1동,신대방1동,신대방동,1120069,1159067000,11590109,Sindaebang 1(il)-dong
동작구,신대방2동,신대방2동,신대방동,1120070,1159068000,11590109,Sindaebang 2(i)-dong
관악구,관악구,관악구,관악구,,1162000000,11620000,#N/A
관악구,보라매동,보라매동,봉천동,1121052,1162052500,11620101,Boramae-dong
관악구,청림동,청림동,봉천동,1121054,1162054500,11620101,Cheongnim-dong
관악구,성현동,성현동,봉천동,1121079,1162056500,11620101,Seonghyeon-dong
관악구,행운동,행운동,봉천동,1121057,1162057500,11620101,Haengun-dong
관악구,낙성대동,낙성대동,봉천동,1121058,1162058500,11620101,Nagseongdae-dong
관악구,청룡동,청룡동,봉천동,1121080,1162059500,11620101,Cheongnyong-dong
관악구,은천동,은천동,봉천동,1121078,1162060500,11620101,Euncheon-dong
관악구,중앙동,중앙동,봉천동,1121061,1162061500,11620101,Jungang-dong
관악구,인헌동,인헌동,봉천동,1121062,1162062500,11620101,Inheon-dong
관악구,남현동,남현동,남현동,1121063,1162063000,11620103,Namhyeon-dong
관악구,서원동,서원동,신림동,1121064,1162064500,11620102,Sewon-dong
관악구,신원동,신원동,신림동,1121065,1162065500,11620102,Sinwon-dong
관악구,서림동,서림동,신림동,1121066,1162066500,11620102,Serim-dong
관악구,신사동,신사동,신림동,1121068,1162068500,11620102,Sinsa-dong
관악구,신림동,신림동,신림동,1121069,1162069500,11620102,Sillim-dong
관악구,난향동,난향동,신림동,1121071,1162071500,11620102,Nanhyang-dong
관악구,조원동,조원동,신림동,1121072,1162072500,11620102,Jowon-dong
관악구,대학동,대학동,신림동,1121073,1162073500,11620102,Daehak-dong
관악구,삼성동,삼성동,신림동,1121082,1162074500,11620102,Samseong-dong
관악구,미성동,미성동,신림동,1121083,1162076500,11620102,Miseong-dong
관악구,난곡동,난곡동,신림동,1121081,1162077500,11620102,Nangok-dong
서초구,서초구,서초구,서초구,,1165000000,11650000,#N/A
서초구,서초1동,서초1동,서초동,1122051,1165051000,11650108,Seocho 1(il)-dong
서초구,서초2동,서초2동,서초동,1122052,1165052000,11650108,Seocho 2(i)-dong
서초구,서초3동,서초3동,방배동,1122053,1165053000,11650101,Seocho 3(sam)-dong
서초구,서초3동,서초3동,서초동,1122053,1165053000,11650108,Seocho 3(sam)-dong
서초구,서초4동,서초4동,서초동,1122054,1165053100,11650108,Seocho 4(sa)-dong
서초구,잠원동,잠원동,잠원동,1122055,1165054000,11650106,Jamwon-dong
서초구,반포본동,반포본동,반포동,1122056,1165055000,11650107,Banpobon-dong
서초구,반포1동,반포1동,반포동,1122057,1165056000,11650107,Banpo 1(il)-dong
서초구,반포2동,반포2동,반포동,1122058,1165057000,11650107,Banpo 2(i)-dong
서초구,반포3동,반포3동,잠원동,1122059,1165058000,11650106,Banpo 3(sam)-dong
서초구,반포4동,반포4동,반포동,1122060,1165058100,11650107,Banpo 4(sa)-dong
서초구,방배본동,방배본동,방배동,1122061,1165059000,11650101,Bangbaebon-dong
서초구,방배1동,방배1동,방배동,1122062,1165060000,11650101,Bangbae 1(il)-dong
서초구,방배2동,방배2동,방배동,1122063,1165061000,11650101,Bangbae 2(i)-dong
서초구,방배3동,방배3동,방배동,1122064,1165062000,11650101,Bangbae 3(sam)-dong
서초구,방배4동,방배4동,방배동,1122065,1165062100,11650101,Bangbae 4(sa)-dong
서초구,양재1동,양재1동,양재동,1122066,1165065100,11650102,Yangjae 1(il)-dong
서초구,양재1동,양재1동,우면동,1122066,1165065100,11650103,Yangjae 1(il)-dong
서초구,양재2동,양재2동,양재동,1122067,1165065200,11650102,Yangjae 2(i)-dong
서초구,양재2동,양재2동,원지동,1122067,1165065200,11650104,Yangjae 2(i)-dong
서초구,내곡동,내곡동,내곡동,1122068,1165066000,11650109,Naegok-dong
서초구,내곡동,내곡동,염곡동,1122068,1165066000,11650110,Naegok-dong
서초구,내곡동,내곡동,신원동,1122068,1165066000,11650111,Naegok-dong
강남구,강남구,강남구,강남구,,1168000000,11680000,#N/A
강남구,신사동,신사동,신사동,1123051,1168051000,11680107,Sinsa-dong
강남구,신사동,신사동,압구정동,1123051,1168051000,11680110,Sinsa-dong
강남구,논현1동,논현1동,논현동,1123052,1168052100,11680108,Nonhyeon 1(il)-dong
강남구,논현2동,논현2동,논현동,1123053,1168053100,11680108,Nonhyeon 2(i)-dong
강남구,압구정동,압구정동,신사동,1123077,1168054500,11680107,Apgujeong-dong
강남구,압구정동,압구정동,압구정동,1123077,1168054500,11680110,Apgujeong-dong
강남구,청담동,청담동,청담동,1123078,1168056500,11680104,Cheongdam-dong
강남구,삼성1동,삼성1동,삼성동,1123058,1168058000,11680105,Samseong 1(il)-dong
강남구,삼성2동,삼성2동,삼성동,1123059,1168059000,11680105,Samseong 2(i)-dong
강남구,대치1동,대치1동,대치동,1123060,1168060000,11680106,Daechi 1(il)-dong
강남구,대치2동,대치2동,대치동,1123079,1168061000,11680106,Daechi 2(i)-dong
강남구,대치4동,대치4동,대치동,1123063,1168063000,11680106,Daechi 4(sa)-dong
강남구,역삼1동,역삼1동,역삼동,1123064,1168064000,11680101,Yeoksam 1(il)-dong
강남구,역삼2동,역삼2동,역삼동,1123065,1168065000,11680101,Yeoksam 2(i)-dong
강남구,도곡1동,도곡1동,도곡동,1123066,1168065500,11680118,Dogok 1(il)-dong
강남구,도곡2동,도곡2동,도곡동,1123067,1168065600,11680118,Dogok 2(i)-dong
강남구,개포1동,개포1동,개포동,1123068,1168066000,11680103,Gaepo 1(il)-dong
강남구,개포2동,개포2동,개포동,1123080,1168067000,11680103,Gaepo 2(i)-dong
강남구,개포2동,개포2동,일원동,1123080,1168067000,11680114,Gaepo 2(i)-dong
강남구,개포4동,개포4동,개포동,1123071,1168069000,11680103,Gaepo 4(sa)-dong
강남구,세곡동,세곡동,세곡동,1123076,1168070000,11680111,Segok-dong
강남구,세곡동,세곡동,자곡동,1123076,1168070000,11680112,Segok-dong
강남구,세곡동,세곡동,율현동,1123076,1168070000,11680113,Segok-dong
강남구,일원본동,일원본동,일원동,1123072,1168072000,11680114,Irwonbon-dong
강남구,일원본동,일원본동,수서동,1123072,1168072000,11680115,Irwonbon-dong
강남구,일원1동,일원1동,일원동,1123073,1168073000,11680114,Irwon 1(il)-dong
강남구,일원1동,일원1동,수서동,1123073,1168073000,11680115,Irwon 1(il)-dong
강남구,일원2동,일원2동,개포동,1123074,1168074000,11680103,Irwon 2(i)-dong
강남구,일원2동,일원2동,대치동,1123074,1168074000,11680106,Irwon 2(i)-dong
강남구,일원2동,일원2동,일원동,1123074,1168074000,11680114,Irwon 2(i)-dong
강남구,수서동,수서동,수서동,1123075,1168075000,11680115,Suseo-dong
송파구,송파구,송파구,송파구,,1171000000,11710000,#N/A
송파구,풍납1동,풍납1동,풍납동,1124051,1171051000,11710103,Pungnap 1(il)-dong
송파구,풍납2동,풍납2동,풍납동,1124052,1171052000,11710103,Pungnap 2(i)-dong
송파구,거여1동,거여1동,거여동,1124053,1171053100,11710113,Geoyeo 1(il)-dong
송파구,거여2동,거여2동,거여동,1124054,1171053200,11710113,Geoyeo 2(i)-dong
송파구,마천1동,마천1동,마천동,1124055,1171054000,11710114,Macheon 1(il)-dong
송파구,마천2동,마천2동,마천동,1124056,1171055000,11710114,Macheon 2(i)-dong
송파구,방이1동,방이1동,방이동,1124057,1171056100,11710111,Bangi 1(il)-dong
송파구,방이2동,방이2동,방이동,1124058,1171056200,11710111,Bangi 2(i)-dong
송파구,오륜동,오륜동,방이동,1124059,1171056600,11710111,Oryun-dong
송파구,오금동,오금동,오금동,1124060,1171057000,11710112,Ogeum-dong
송파구,송파1동,송파1동,송파동,1124061,1171058000,11710104,Songpa 1(il)-dong
송파구,송파2동,송파2동,송파동,1124062,1171059000,11710104,Songpa 2(i)-dong
송파구,석촌동,석촌동,석촌동,1124063,1171060000,11710105,Seokchon-dong
송파구,삼전동,삼전동,삼전동,1124064,1171061000,11710106,Samjeon-dong
송파구,가락본동,가락본동,가락동,1124065,1171062000,11710107,Garakbon-dong
송파구,가락1동,가락1동,가락동,1124066,1171063100,11710107,Garak 1(il)-dong
송파구,가락2동,가락2동,가락동,1124067,1171063200,11710107,Garak 2(i)-dong
송파구,문정1동,문정1동,문정동,1124068,1171064100,11710108,Munjeong 1(il)-dong
송파구,문정2동,문정2동,문정동,1124069,1171064200,11710108,Munjeong 2(i)-dong
송파구,문정2동,문정2동,장지동,1124069,1171064200,11710109,Munjeong 2(i)-dong
송파구,장지동,장지동,문정동,1124070,1171064600,11710108,Jangji-dong
송파구,장지동,장지동,장지동,1124070,1171064600,11710109,Jangji-dong
송파구,잠실본동,잠실본동,잠실동,1124071,1171065000,11710101,Jamsilbon-dong
송파구,잠실2동,잠실2동,잠실동,1124079,1171067000,11710101,Jamsil 2(i)-dong
송파구,잠실3동,잠실3동,잠실동,1124080,1171068000,11710101,Jamsil 3(sam)-dong
송파구,잠실4동,잠실4동,신천동,1124075,1171069000,11710102,Jamsil 4(sa)-dong
송파구,잠실6동,잠실6동,신천동,1124077,1171071000,11710102,Jamsil 6(yuk)-dong
송파구,잠실7동,잠실7동,잠실동,1124078,1171072000,11710101,Jamsil 7(chil)-dong
강동구,강동구,강동구,강동구,,1174000000,11740000,#N/A
강동구,강일동,강일동,상일동,1125051,1174051500,11740103,Gangil-dong
강동구,강일동,강일동,강일동,1125051,1174051500,11740110,Gangil-dong
강동구,상일동,상일동,상일동,1125052,1174052000,11740103,Sangil-dong
강동구,명일1동,명일1동,명일동,1125053,1174053000,11740101,Myeongil 1(il)-dong
강동구,명일2동,명일2동,명일동,1125054,1174054000,11740101,Myeongil 2(i)-dong
강동구,고덕1동,고덕1동,고덕동,1125055,1174055000,11740102,Godeok 1(il)-dong
강동구,고덕2동,고덕2동,고덕동,1125056,1174056000,11740102,Godeok 2(i)-dong
강동구,암사1동,암사1동,암사동,1125072,1174057000,11740107,Amsa 1(il)-dong
강동구,암사2동,암사2동,암사동,1125058,1174058000,11740107,Amsa 2(i)-dong
강동구,암사3동,암사3동,암사동,1125059,1174059000,11740107,Amsa 3(sam)-dong
강동구,천호1동,천호1동,천호동,1125061,1174060000,11740109,Cheonho 1(il)-dong
강동구,천호2동,천호2동,천호동,1125073,1174061000,11740109,Cheonho 2(i)-dong
강동구,천호3동,천호3동,천호동,1125063,1174062000,11740109,Cheonho 3(sam)-dong
강동구,성내1동,성내1동,성내동,1125065,1174064000,11740108,Seongnae 1(il)-dong
강동구,성내2동,성내2동,성내동,1125066,1174065000,11740108,Seongnae 2(i)-dong
강동구,성내3동,성내3동,성내동,1125067,1174066000,11740108,Seongnae 3(sam)-dong
강동구,길동,길동,길동,1125074,1174068500,11740105,Gil-dong
강동구,둔촌1동,둔촌1동,둔촌동,1125070,1174069000,11740106,Dunchon 1(il)-dong
강동구,둔촌2동,둔촌2동,둔촌동,1125071,1174070000,11740106,Dunchon 2(i)-dong
